https://s1.thcdn.com/productimg/300/300/10925834-1824414550124873.jpg,Dermalogica Clear Start Breakout Clearing Foaming Wash 177ml,A$24.00,4.83 Stars 6 Reviews
https://s4.thcdn.com/productimg/300/300/12201934-4704710282804423.jpg,Medik8 Surface Radiance Cleanse 150ml,A$44.00,5.0 Stars 1 Reviews
https://s3.thcdn.com/productimg/300/300/10653919-2214757526090585.jpg,Alpha- H Clear Skin Daily Face & Body Wash 185ml,A$36.00,5.0 Stars 2 Reviews
https://s2.thcdn.com/productimg/300/300/10364064-9284413801901875.jpg,Dermalogica Clearing Skin Wash 250ml,A$48.00,4.5 Stars 2 Reviews
https://s2.thcdn.com/productimg/300/300/11459613-1824484882686962.jpg,Simplicite Basic 6 Travel Pack 2 Combo/Oily,A$69.95,4.0 Stars 1 Reviews
https://s3.thcdn.com/productimg/300/300/11291909-1554412447625753.jpg,EmerginC Deglazing Cleanser 240ml,A$43.20,5.0 Stars 1 Reviews
https://s2.thcdn.com/productimg/300/300/11429067-1794528379643297.jpg,La Roche-Posay Toleriane Purifying Foaming Cleanser 13.5 fl. oz,$14.99,5.0 Stars 3 Reviews
https://s1.thcdn.com/productimg/300/300/11848942-1884609767500256.jpg,La Roche-Posay Effaclar Micellar Water 13.5 fl. oz.,$15.99,5.0 Stars 1 Reviews
https://s3.thcdn.com/productimg/300/300/11117590-7334303920425391.jpg,Avène Cleanance Cleansing Gel 6.7fl. oz,$20.00,4.67 Stars 6 Reviews
https://s4.thcdn.com/productimg/300/300/11428981-8874668549251760.jpg,La Roche-Posay Effaclar Toner Astringent Lotion Micro-Exfoliant,$23.99,5.0 Stars 1 Reviews
https://images.ulta.com/is/image/Ulta/2530477?$md$,YourGoodSkin,$7.49,4.70 out of 5 stars
https://images.ulta.com/is/image/Ulta/2549766?$md$,YourGoodSkin,$7.49,4.60 out of 5 stars
